_id,DATE,BEDS_ICU_TOTAL,BEDS_ICU_OCCUPIED_COVID_19,BEDS_ICU_NO_OCCUPIED_COVID_19,BEDS_AVAILABLE_ICU_BEDS_TOTAL,VENTS_TOTAL,VENTS_ALL_USE_COVID_19,VENTS_NON_COVID_PTS_ON_VENTS,VENTS_ALL_AVAILABLE_VENTS_NOT_IN_USE,PCT_BEDS_ICU_OCCUPIED_COVID_19,PCT_BEDS_ICU_NO_OCCUPIED_COVID_19,PCT_BEDS_AVAILABLE_ICU_BEDS_TOTAL,PCT_VENTS_ALL_USE_COVID_19,PCT_VENTS_NON_COVID_PTS_ON_VENTS,PCT_VENTS_ALL_AVAILABLE_VENTS_NOT_IN_USE
1,2020-02-26T00:00:00,0,0,0,0,0,0,0,0,,,,,,
2,2020-02-27T00:00:00,0,0,0,0,0,0,0,0,,,,,,
3,2020-02-28T00:00:00,0,0,0,0,0,0,0,0,,,,,,
4,2020-02-29T00:00:00,0,0,0,0,0,0,0,0,,,,,,
5,2020-03-02T00:00:00,0,0,0,0,0,0,0,0,,,,,,
6,2020-03-03T00:00:00,0,0,0,0,0,0,0,0,,,,,,
7,2020-03-04T00:00:00,0,0,0,0,0,0,0,0,,,,,,
8,2020-03-05T00:00:00,0,0,0,0,0,0,0,0,,,,,,
9,2020-03-06T00:00:00,0,0,0,0,0,0,0,0,,,,,,
10,2020-03-07T00:00:00,0,0,0,0,0,0,0,0,,,,,,
11,2020-03-08T00:00:00,0,0,0,0,0,0,0,0,,,,,,
12,2020-03-09T00:00:00,0,0,0,0,0,0,0,0,,,,,,
13,2020-03-10T00:00:00,0,0,0,0,0,0,0,0,,,,,,
14,2020-03-11T00:00:00,0,0,0,0,0,0,0,0,,,,,,
15,2020-03-12T00:00:00,0,0,0,0,0,0,0,0,,,,,,
16,2020-03-13T00:00:00,0,0,0,0,0,0,0,0,,,,,,
17,2020-03-14T00:00:00,0,0,0,0,0,0,0,0,,,,,,
18,2020-03-15T00:00:00,0,0,0,0,0,0,0,0,,,,,,
19,2020-03-16T00:00:00,0,0,0,0,0,0,0,0,,,,,,
20,2020-03-17T00:00:00,0,0,0,0,0,0,0,0,,,,,,
21,2020-03-18T00:00:00,0,0,0,0,0,0,0,0,,,,,,
22,2020-03-19T00:00:00,0,0,0,0,0,0,0,0,,,,,,
23,2020-03-20T00:00:00,0,0,0,0,0,0,0,0,,,,,,
24,2020-03-21T00:00:00,0,0,0,0,0,0,0,0,,,,,,
25,2020-03-22T00:00:00,0,0,0,0,0,0,0,0,,,,,,
26,2020-03-23T00:00:00,0,0,0,0,0,0,0,0,,,,,,
27,2020-03-24T00:00:00,0,0,0,0,0,0,0,0,,,,,,
28,2020-03-25T00:00:00,0,0,0,0,0,0,0,0,,,,,,
29,2020-03-26T00:00:00,0,0,0,0,0,0,0,0,,,,,,
30,2020-03-27T00:00:00,0,0,0,0,0,0,0,0,,,,,,
31,2020-03-28T00:00:00,0,0,0,0,0,0,0,0,,,,,,
32,2020-03-29T00:00:00,0,0,0,0,0,0,0,0,,,,,,
33,2020-03-30T00:00:00,0,0,0,0,0,0,0,0,,,,,,
34,2020-03-31T00:00:00,0,0,0,0,0,0,0,0,,,,,,
35,2020-04-01T00:00:00,0,0,0,0,0,0,0,0,,,,,,
36,2020-04-02T00:00:00,0,0,0,0,0,0,0,0,,,,,,
37,2020-04-03T00:00:00,0,0,0,0,0,0,0,0,,,,,,
38,2020-04-04T00:00:00,0,0,0,0,0,0,0,0,,,,,,
39,2020-04-05T00:00:00,0,0,0,0,0,0,0,0,,,,,,
40,2020-04-06T00:00:00,0,0,0,0,0,0,0,0,,,,,,
41,2020-04-07T00:00:00,0,0,0,0,0,0,0,0,,,,,,
42,2020-04-08T00:00:00,2981,829,881,1271,2756,501,351,1904,27.809999999999998721023075631819665431976318359375,29.550000000000000710542735760100185871124267578125,42.6400000000000005684341886080801486968994140625,18.17999999999999971578290569595992565155029296875,12.7400000000000002131628207280300557613372802734375,69.090000000000003410605131648480892181396484375
43,2020-04-09T00:00:00,2947,856,872,1219,2758,476,391,1891,29.050000000000000710542735760100185871124267578125,29.589999999999999857891452847979962825775146484375,41.3599999999999994315658113919198513031005859375,17.260000000000001563194018672220408916473388671875,14.17999999999999971578290569595992565155029296875,68.56000000000000227373675443232059478759765625
44,2020-04-10T00:00:00,2919,781,860,1278,2905,480,353,2072,26.760000000000001563194018672220408916473388671875,29.46000000000000085265128291212022304534912109375,43.780000000000001136868377216160297393798828125,16.519999999999999573674358543939888477325439453125,12.1500000000000003552713678800500929355621337890625,71.3299999999999982946974341757595539093017578125
45,2020-04-11T00:00:00,2960,726,920,1314,2872,464,315,2093,24.530000000000001136868377216160297393798828125,31.0799999999999982946974341757595539093017578125,44.3900000000000005684341886080801486968994140625,16.160000000000000142108547152020037174224853515625,10.9700000000000006394884621840901672840118408203125,72.8799999999999954525264911353588104248046875
46,2020-04-12T00:00:00,2908,719,853,1336,2921,440,308,2173,24.719999999999998863131622783839702606201171875,29.3299999999999982946974341757595539093017578125,45.93999999999999772626324556767940521240234375,15.0600000000000004973799150320701301097869873046875,10.53999999999999914734871708787977695465087890625,74.3900000000000005684341886080801486968994140625
47,2020-04-13T00:00:00,2920,721,848,1351,2926,437,309,2180,24.690000000000001278976924368180334568023681640625,29.03999999999999914734871708787977695465087890625,46.27000000000000312638803734444081783294677734375,14.9399999999999995026200849679298698902130126953125,10.5600000000000004973799150320701301097869873046875,74.5
48,2020-04-14T00:00:00,2948,738,868,1342,2895,424,331,2140,25.030000000000001136868377216160297393798828125,29.440000000000001278976924368180334568023681640625,45.52000000000000312638803734444081783294677734375,14.6500000000000003552713678800500929355621337890625,11.42999999999999971578290569595992565155029296875,73.9200000000000017053025658242404460906982421875
49,2020-04-15T00:00:00,2926,696,924,1306,2961,427,297,2237,23.78999999999999914734871708787977695465087890625,31.5799999999999982946974341757595539093017578125,44.63000000000000255795384873636066913604736328125,14.4199999999999999289457264239899814128875732421875,10.0299999999999993605115378159098327159881591796875,75.5499999999999971578290569595992565155029296875
50,2020-04-16T00:00:00,2915,639,918,1358,3027,417,326,2284,21.9200000000000017053025658242404460906982421875,31.489999999999998436805981327779591083526611328125,46.590000000000003410605131648480892181396484375,13.7799999999999993605115378159098327159881591796875,10.769999999999999573674358543939888477325439453125,75.4500000000000028421709430404007434844970703125
51,2020-04-17T00:00:00,2837,663,825,1349,3080,359,334,2387,23.370000000000000994759830064140260219573974609375,29.0799999999999982946974341757595539093017578125,47.5499999999999971578290569595992565155029296875,11.660000000000000142108547152020037174224853515625,10.839999999999999857891452847979962825775146484375,77.5
52,2020-04-18T00:00:00,2872,649,878,1345,3117,344,332,2441,22.60000000000000142108547152020037174224853515625,30.57000000000000028421709430404007434844970703125,46.8299999999999982946974341757595539093017578125,11.03999999999999914734871708787977695465087890625,10.6500000000000003552713678800500929355621337890625,78.31000000000000227373675443232059478759765625
53,2020-04-19T00:00:00,2863,670,833,1360,3104,353,342,2409,23.39999999999999857891452847979962825775146484375,29.10000000000000142108547152020037174224853515625,47.5,11.3699999999999992184029906638897955417633056640625,11.019999999999999573674358543939888477325439453125,77.6099999999999994315658113919198513031005859375
54,2020-04-20T00:00:00,3008,677,906,1425,3173,369,358,2446,22.510000000000001563194018672220408916473388671875,30.120000000000000994759830064140260219573974609375,47.36999999999999744204615126363933086395263671875,11.6300000000000007815970093361102044582366943359375,11.2799999999999993605115378159098327159881591796875,77.090000000000003410605131648480892181396484375
55,2020-04-21T00:00:00,3060,634,1009,1417,3184,335,401,2448,20.719999999999998863131622783839702606201171875,32.969999999999998863131622783839702606201171875,46.31000000000000227373675443232059478759765625,10.519999999999999573674358543939888477325439453125,12.589999999999999857891452847979962825775146484375,76.8799999999999954525264911353588104248046875
56,2020-04-22T00:00:00,3234,652,1178,1404,3203,333,404,2466,20.160000000000000142108547152020037174224853515625,36.42999999999999971578290569595992565155029296875,43.409999999999996589394868351519107818603515625,10.4000000000000003552713678800500929355621337890625,12.6099999999999994315658113919198513031005859375,76.9899999999999948840923025272786617279052734375
57,2020-04-23T00:00:00,3272,621,1201,1450,3215,325,372,2518,18.980000000000000426325641456060111522674560546875,36.71000000000000085265128291212022304534912109375,44.32000000000000028421709430404007434844970703125,10.1099999999999994315658113919198513031005859375,11.57000000000000028421709430404007434844970703125,78.31999999999999317878973670303821563720703125
58,2020-04-24T00:00:00,3258,598,1204,1456,3198,324,359,2515,18.35000000000000142108547152020037174224853515625,36.96000000000000085265128291212022304534912109375,44.68999999999999772626324556767940521240234375,10.1300000000000007815970093361102044582366943359375,11.230000000000000426325641456060111522674560546875,78.6400000000000005684341886080801486968994140625
59,2020-04-25T00:00:00,3312,588,1304,1420,3158,310,359,2489,17.75,39.36999999999999744204615126363933086395263671875,42.86999999999999744204615126363933086395263671875,9.82000000000000028421709430404007434844970703125,11.3699999999999992184029906638897955417633056640625,78.81999999999999317878973670303821563720703125
60,2020-04-26T00:00:00,3307,581,1277,1449,3160,284,378,2498,17.57000000000000028421709430404007434844970703125,38.61999999999999744204615126363933086395263671875,43.82000000000000028421709430404007434844970703125,8.9900000000000002131628207280300557613372802734375,11.96000000000000085265128291212022304534912109375,79.0499999999999971578290569595992565155029296875
61,2020-04-27T00:00:00,3271,546,1279,1446,3180,275,380,2525,16.690000000000001278976924368180334568023681640625,39.10000000000000142108547152020037174224853515625,44.21000000000000085265128291212022304534912109375,8.6500000000000003552713678800500929355621337890625,11.949999999999999289457264239899814128875732421875,79.400000000000005684341886080801486968994140625
62,2020-04-28T00:00:00,3063,562,1162,1339,3026,267,323,2436,18.35000000000000142108547152020037174224853515625,37.93999999999999772626324556767940521240234375,43.719999999999998863131622783839702606201171875,8.82000000000000028421709430404007434844970703125,10.6699999999999999289457264239899814128875732421875,80.5
63,2020-04-29T00:00:00,2983,530,1169,1284,3084,263,328,2493,17.769999999999999573674358543939888477325439453125,39.18999999999999772626324556767940521240234375,43.03999999999999914734871708787977695465087890625,8.5299999999999993605115378159098327159881591796875,10.6400000000000005684341886080801486968994140625,80.840000000000003410605131648480892181396484375
64,2020-04-30T00:00:00,2946,517,1187,1242,3077,247,357,2473,17.550000000000000710542735760100185871124267578125,40.28999999999999914734871708787977695465087890625,42.159999999999996589394868351519107818603515625,8.0299999999999993605115378159098327159881591796875,11.5999999999999996447286321199499070644378662109375,80.3700000000000045474735088646411895751953125
65,2020-05-01T00:00:00,2956,472,1189,1295,3094,245,363,2486,15.9700000000000006394884621840901672840118408203125,40.219999999999998863131622783839702606201171875,43.81000000000000227373675443232059478759765625,7.9199999999999999289457264239899814128875732421875,11.730000000000000426325641456060111522674560546875,80.349999999999994315658113919198513031005859375
66,2020-05-02T00:00:00,2961,484,1143,1334,3036,250,346,2440,16.35000000000000142108547152020037174224853515625,38.60000000000000142108547152020037174224853515625,45.0499999999999971578290569595992565155029296875,8.230000000000000426325641456060111522674560546875,11.4000000000000003552713678800500929355621337890625,80.3700000000000045474735088646411895751953125
67,2020-05-03T00:00:00,2852,481,1131,1240,3025,265,327,2433,16.870000000000000994759830064140260219573974609375,39.659999999999996589394868351519107818603515625,43.47999999999999687361196265555918216705322265625,8.7599999999999997868371792719699442386627197265625,10.8100000000000004973799150320701301097869873046875,80.43000000000000682121026329696178436279296875
68,2020-05-04T00:00:00,2709,514,1071,1124,3080,283,346,2451,18.969999999999998863131622783839702606201171875,39.530000000000001136868377216160297393798828125,41.49000000000000198951966012828052043914794921875,9.1899999999999995026200849679298698902130126953125,11.230000000000000426325641456060111522674560546875,79.5799999999999982946974341757595539093017578125
69,2020-05-05T00:00:00,2748,500,1094,1154,3099,247,378,2474,18.199999999999999289457264239899814128875732421875,39.81000000000000227373675443232059478759765625,41.99000000000000198951966012828052043914794921875,7.96999999999999975131004248396493494510650634765625,12.199999999999999289457264239899814128875732421875,79.8299999999999982946974341757595539093017578125
70,2020-05-06T00:00:00,2736,486,1132,1118,3092,227,374,2491,17.760000000000001563194018672220408916473388671875,41.36999999999999744204615126363933086395263671875,40.8599999999999994315658113919198513031005859375,7.339999999999999857891452847979962825775146484375,12.0999999999999996447286321199499070644378662109375,80.56000000000000227373675443232059478759765625
71,2020-05-07T00:00:00,2719,481,1153,1085,3026,219,353,2454,17.690000000000001278976924368180334568023681640625,42.409999999999996589394868351519107818603515625,39.89999999999999857891452847979962825775146484375,7.2400000000000002131628207280300557613372802734375,11.6699999999999999289457264239899814128875732421875,81.099999999999994315658113919198513031005859375
72,2020-05-08T00:00:00,2699,458,1151,1090,3064,213,368,2483,16.969999999999998863131622783839702606201171875,42.64999999999999857891452847979962825775146484375,40.3900000000000005684341886080801486968994140625,6.95000000000000017763568394002504646778106689453125,12.0099999999999997868371792719699442386627197265625,81.0400000000000062527760746888816356658935546875
73,2020-05-09T00:00:00,2675,462,1100,1113,3078,205,362,2511,17.269999999999999573674358543939888477325439453125,41.11999999999999744204615126363933086395263671875,41.6099999999999994315658113919198513031005859375,6.660000000000000142108547152020037174224853515625,11.7599999999999997868371792719699442386627197265625,81.5799999999999982946974341757595539093017578125
74,2020-05-10T00:00:00,2647,452,1067,1128,3077,213,369,2495,17.0799999999999982946974341757595539093017578125,40.31000000000000227373675443232059478759765625,42.6099999999999994315658113919198513031005859375,6.9199999999999999289457264239899814128875732421875,11.9900000000000002131628207280300557613372802734375,81.090000000000003410605131648480892181396484375
75,2020-05-11T00:00:00,2725,472,1038,1215,3059,212,366,2481,17.32000000000000028421709430404007434844970703125,38.090000000000003410605131648480892181396484375,44.590000000000003410605131648480892181396484375,6.92999999999999971578290569595992565155029296875,11.96000000000000085265128291212022304534912109375,81.099999999999994315658113919198513031005859375
76,2020-05-12T00:00:00,2808,481,1145,1182,3044,217,373,2454,17.129999999999999005240169935859739780426025390625,40.780000000000001136868377216160297393798828125,42.090000000000003410605131648480892181396484375,7.12999999999999989341858963598497211933135986328125,12.25,80.6200000000000045474735088646411895751953125
77,2020-05-13T00:00:00,2818,488,1190,1140,3067,217,404,2446,17.32000000000000028421709430404007434844970703125,42.22999999999999687361196265555918216705322265625,40.4500000000000028421709430404007434844970703125,7.0800000000000000710542735760100185871124267578125,13.1699999999999999289457264239899814128875732421875,79.75
78,2020-05-14T00:00:00,2825,492,1219,1114,3057,213,394,2450,17.4200000000000017053025658242404460906982421875,43.14999999999999857891452847979962825775146484375,39.42999999999999971578290569595992565155029296875,6.96999999999999975131004248396493494510650634765625,12.8900000000000005684341886080801486968994140625,80.1400000000000005684341886080801486968994140625
79,2020-05-15T00:00:00,2781,426,1255,1100,3039,199,387,2453,15.32000000000000028421709430404007434844970703125,45.13000000000000255795384873636066913604736328125,39.5499999999999971578290569595992565155029296875,6.54999999999999982236431605997495353221893310546875,12.730000000000000426325641456060111522674560546875,80.719999999999998863131622783839702606201171875
80,2020-05-16T00:00:00,2725,441,1241,1043,3064,205,406,2453,16.17999999999999971578290569595992565155029296875,45.53999999999999914734871708787977695465087890625,38.280000000000001136868377216160297393798828125,6.69000000000000039079850466805510222911834716796875,13.25,80.06000000000000227373675443232059478759765625
81,2020-05-17T00:00:00,2674,426,1192,1056,3093,212,388,2493,15.92999999999999971578290569595992565155029296875,44.5799999999999982946974341757595539093017578125,39.49000000000000198951966012828052043914794921875,6.8499999999999996447286321199499070644378662109375,12.53999999999999914734871708787977695465087890625,80.599999999999994315658113919198513031005859375
82,2020-05-18T00:00:00,2614,421,1112,1081,3077,206,399,2472,16.1099999999999994315658113919198513031005859375,42.53999999999999914734871708787977695465087890625,41.35000000000000142108547152020037174224853515625,6.69000000000000039079850466805510222911834716796875,12.9700000000000006394884621840901672840118408203125,80.340000000000003410605131648480892181396484375
83,2020-05-19T00:00:00,2594,431,1152,1011,3075,197,398,2480,16.620000000000000994759830064140260219573974609375,44.409999999999996589394868351519107818603515625,38.969999999999998863131622783839702606201171875,6.410000000000000142108547152020037174224853515625,12.9399999999999995026200849679298698902130126953125,80.650000000000005684341886080801486968994140625
84,2020-05-20T00:00:00,2629,409,1184,1036,3100,175,419,2506,15.5600000000000004973799150320701301097869873046875,45.03999999999999914734871708787977695465087890625,39.409999999999996589394868351519107818603515625,5.6500000000000003552713678800500929355621337890625,13.519999999999999573674358543939888477325439453125,80.840000000000003410605131648480892181396484375
85,2020-05-21T00:00:00,2591,416,1197,978,3079,173,399,2507,16.059999999999998721023075631819665431976318359375,46.2000000000000028421709430404007434844970703125,37.75,5.62000000000000010658141036401502788066864013671875,12.96000000000000085265128291212022304534912109375,81.4200000000000017053025658242404460906982421875
86,2020-05-22T00:00:00,2572,403,1206,963,3108,173,383,2552,15.6699999999999999289457264239899814128875732421875,46.8900000000000005684341886080801486968994140625,37.43999999999999772626324556767940521240234375,5.57000000000000028421709430404007434844970703125,12.32000000000000028421709430404007434844970703125,82.1099999999999994315658113919198513031005859375
87,2020-05-23T00:00:00,2542,396,1192,954,3092,173,397,2522,15.5800000000000000710542735760100185871124267578125,46.8900000000000005684341886080801486968994140625,37.530000000000001136868377216160297393798828125,5.5999999999999996447286321199499070644378662109375,12.839999999999999857891452847979962825775146484375,81.56999999999999317878973670303821563720703125
88,2020-05-24T00:00:00,2533,365,1133,1035,3102,169,396,2537,14.410000000000000142108547152020037174224853515625,44.72999999999999687361196265555918216705322265625,40.8599999999999994315658113919198513031005859375,5.45000000000000017763568394002504646778106689453125,12.769999999999999573674358543939888477325439453125,81.7900000000000062527760746888816356658935546875
89,2020-05-25T00:00:00,2571,365,1157,1049,3111,163,393,2555,14.199999999999999289457264239899814128875732421875,45,40.7999999999999971578290569595992565155029296875,5.2400000000000002131628207280300557613372802734375,12.6300000000000007815970093361102044582366943359375,82.1299999999999954525264911353588104248046875
90,2020-05-26T00:00:00,2536,400,1089,1047,3069,182,373,2514,15.769999999999999573674358543939888477325439453125,42.93999999999999772626324556767940521240234375,41.28999999999999914734871708787977695465087890625,5.92999999999999971578290569595992565155029296875,12.1500000000000003552713678800500929355621337890625,81.9200000000000017053025658242404460906982421875
91,2020-05-27T00:00:00,2545,411,1137,997,3105,178,377,2550,16.14999999999999857891452847979962825775146484375,44.67999999999999971578290569595992565155029296875,39.1700000000000017053025658242404460906982421875,5.730000000000000426325641456060111522674560546875,12.1400000000000005684341886080801486968994140625,82.1299999999999954525264911353588104248046875
92,2020-05-28T00:00:00,2567,412,1191,964,3187,161,381,2645,16.050000000000000710542735760100185871124267578125,46.39999999999999857891452847979962825775146484375,37.5499999999999971578290569595992565155029296875,5.04999999999999982236431605997495353221893310546875,11.949999999999999289457264239899814128875732421875,82.9899999999999948840923025272786617279052734375
93,2020-05-29T00:00:00,2540,387,1157,996,3084,151,364,2569,15.2400000000000002131628207280300557613372802734375,45.5499999999999971578290569595992565155029296875,39.21000000000000085265128291212022304534912109375,4.9000000000000003552713678800500929355621337890625,11.800000000000000710542735760100185871124267578125,83.2999999999999971578290569595992565155029296875
94,2020-05-30T00:00:00,2544,372,1166,1006,3056,143,352,2561,14.6199999999999992184029906638897955417633056640625,45.8299999999999982946974341757595539093017578125,39.53999999999999914734871708787977695465087890625,4.67999999999999971578290569595992565155029296875,11.519999999999999573674358543939888477325439453125,83.7999999999999971578290569595992565155029296875
95,2020-05-31T00:00:00,2533,366,1131,1036,3066,148,351,2567,14.449999999999999289457264239899814128875732421875,44.64999999999999857891452847979962825775146484375,40.89999999999999857891452847979962825775146484375,4.8300000000000000710542735760100185871124267578125,11.449999999999999289457264239899814128875732421875,83.719999999999998863131622783839702606201171875
96,2020-06-01T00:00:00,2555,358,1076,1121,3052,140,368,2544,14.0099999999999997868371792719699442386627197265625,42.1099999999999994315658113919198513031005859375,43.86999999999999744204615126363933086395263671875,4.589999999999999857891452847979962825775146484375,12.0600000000000004973799150320701301097869873046875,83.3599999999999994315658113919198513031005859375
97,2020-06-02T00:00:00,2555,355,1159,1041,3089,144,375,2570,13.8900000000000005684341886080801486968994140625,45.3599999999999994315658113919198513031005859375,40.74000000000000198951966012828052043914794921875,4.660000000000000142108547152020037174224853515625,12.1400000000000005684341886080801486968994140625,83.2000000000000028421709430404007434844970703125
98,2020-06-03T00:00:00,2543,372,1217,954,3076,144,389,2543,14.6300000000000007815970093361102044582366943359375,47.8599999999999994315658113919198513031005859375,37.50999999999999801048033987171947956085205078125,4.67999999999999971578290569595992565155029296875,12.6500000000000003552713678800500929355621337890625,82.6700000000000017053025658242404460906982421875
99,2020-06-04T00:00:00,2601,368,1282,951,3025,147,367,2511,14.1500000000000003552713678800500929355621337890625,49.28999999999999914734871708787977695465087890625,36.56000000000000227373675443232059478759765625,4.86000000000000031974423109204508364200592041015625,12.1300000000000007815970093361102044582366943359375,83.0100000000000051159076974727213382720947265625
100,2020-06-05T00:00:00,2638,344,1310,984,3018,133,383,2502,13.03999999999999914734871708787977695465087890625,49.659999999999996589394868351519107818603515625,37.2999999999999971578290569595992565155029296875,4.410000000000000142108547152020037174224853515625,12.6899999999999995026200849679298698902130126953125,82.900000000000005684341886080801486968994140625
101,2020-06-06T00:00:00,2649,335,1325,989,2988,133,383,2472,12.6500000000000003552713678800500929355621337890625,50.02000000000000312638803734444081783294677734375,37.3299999999999982946974341757595539093017578125,4.45000000000000017763568394002504646778106689453125,12.82000000000000028421709430404007434844970703125,82.7300000000000039790393202565610408782958984375
102,2020-06-07T00:00:00,2673,346,1303,1024,2989,130,374,2485,12.9399999999999995026200849679298698902130126953125,48.75,38.31000000000000227373675443232059478759765625,4.3499999999999996447286321199499070644378662109375,12.5099999999999997868371792719699442386627197265625,83.1400000000000005684341886080801486968994140625
103,2020-06-08T00:00:00,2529,307,1242,980,3002,113,424,2465,12.1400000000000005684341886080801486968994140625,49.1099999999999994315658113919198513031005859375,38.75,3.7599999999999997868371792719699442386627197265625,14.1199999999999992184029906638897955417633056640625,82.1099999999999994315658113919198513031005859375
104,2020-06-09T00:00:00,2487,307,1233,947,3028,113,413,2502,12.339999999999999857891452847979962825775146484375,49.5799999999999982946974341757595539093017578125,38.0799999999999982946974341757595539093017578125,3.729999999999999982236431605997495353221893310546875,13.6400000000000005684341886080801486968994140625,82.6299999999999954525264911353588104248046875
105,2020-06-10T00:00:00,2540,331,1254,955,2992,118,372,2502,13.0299999999999993605115378159098327159881591796875,49.36999999999999744204615126363933086395263671875,37.60000000000000142108547152020037174224853515625,3.939999999999999946709294817992486059665679931640625,12.42999999999999971578290569595992565155029296875,83.6200000000000045474735088646411895751953125
106,2020-06-11T00:00:00,2520,329,1228,963,3015,116,383,2516,13.0600000000000004973799150320701301097869873046875,48.72999999999999687361196265555918216705322265625,38.21000000000000085265128291212022304534912109375,3.850000000000000088817841970012523233890533447265625,12.699999999999999289457264239899814128875732421875,83.4500000000000028421709430404007434844970703125
107,2020-06-12T00:00:00,2451,316,1184,951,3020,118,392,2510,12.8900000000000005684341886080801486968994140625,48.31000000000000227373675443232059478759765625,38.7999999999999971578290569595992565155029296875,3.910000000000000142108547152020037174224853515625,12.980000000000000426325641456060111522674560546875,83.1099999999999994315658113919198513031005859375
108,2020-06-13T00:00:00,2416,301,1155,960,3011,113,387,2511,12.46000000000000085265128291212022304534912109375,47.81000000000000227373675443232059478759765625,39.74000000000000198951966012828052043914794921875,3.75,12.8499999999999996447286321199499070644378662109375,83.3900000000000005684341886080801486968994140625
109,2020-06-14T00:00:00,2405,305,1109,991,3015,123,388,2504,12.67999999999999971578290569595992565155029296875,46.1099999999999994315658113919198513031005859375,41.21000000000000085265128291212022304534912109375,4.0800000000000000710542735760100185871124267578125,12.8699999999999992184029906638897955417633056640625,83.0499999999999971578290569595992565155029296875
110,2020-06-15T00:00:00,2551,313,1212,1026,3013,121,422,2470,12.269999999999999573674358543939888477325439453125,47.50999999999999801048033987171947956085205078125,40.219999999999998863131622783839702606201171875,4.019999999999999573674358543939888477325439453125,14.0099999999999997868371792719699442386627197265625,81.9800000000000039790393202565610408782958984375
111,2020-06-16T00:00:00,2508,238,1313,957,2994,105,455,2434,9.4900000000000002131628207280300557613372802734375,52.35000000000000142108547152020037174224853515625,38.159999999999996589394868351519107818603515625,3.5099999999999997868371792719699442386627197265625,15.199999999999999289457264239899814128875732421875,81.2999999999999971578290569595992565155029296875
112,2020-06-17T00:00:00,2488,236,1333,919,2993,103,440,2450,9.4900000000000002131628207280300557613372802734375,53.5799999999999982946974341757595539093017578125,36.93999999999999772626324556767940521240234375,3.439999999999999946709294817992486059665679931640625,14.699999999999999289457264239899814128875732421875,81.8599999999999994315658113919198513031005859375
113,2020-06-18T00:00:00,2482,259,1311,912,2996,111,439,2446,10.4399999999999995026200849679298698902130126953125,52.82000000000000028421709430404007434844970703125,36.74000000000000198951966012828052043914794921875,3.70000000000000017763568394002504646778106689453125,14.6500000000000003552713678800500929355621337890625,81.6400000000000005684341886080801486968994140625
114,2020-06-19T00:00:00,2455,231,1322,902,2973,113,429,2431,9.410000000000000142108547152020037174224853515625,53.85000000000000142108547152020037174224853515625,36.74000000000000198951966012828052043914794921875,3.79999999999999982236431605997495353221893310546875,14.42999999999999971578290569595992565155029296875,81.7699999999999960209606797434389591217041015625
115,2020-06-20T00:00:00,2443,226,1289,928,2952,124,430,2398,9.25,52.75999999999999801048033987171947956085205078125,37.99000000000000198951966012828052043914794921875,4.20000000000000017763568394002504646778106689453125,14.57000000000000028421709430404007434844970703125,81.2300000000000039790393202565610408782958984375
116,2020-06-21T00:00:00,2469,283,1245,941,2960,108,443,2409,11.46000000000000085265128291212022304534912109375,50.42999999999999971578290569595992565155029296875,38.1099999999999994315658113919198513031005859375,3.649999999999999911182158029987476766109466552734375,14.9700000000000006394884621840901672840118408203125,81.3900000000000005684341886080801486968994140625
117,2020-06-22T00:00:00,2488,297,1252,939,2985,110,445,2430,11.9399999999999995026200849679298698902130126953125,50.32000000000000028421709430404007434844970703125,37.74000000000000198951966012828052043914794921875,3.689999999999999946709294817992486059665679931640625,14.910000000000000142108547152020037174224853515625,81.409999999999996589394868351519107818603515625
118,2020-06-23T00:00:00,2510,263,1313,934,2975,89,458,2428,10.480000000000000426325641456060111522674560546875,52.31000000000000227373675443232059478759765625,37.21000000000000085265128291212022304534912109375,2.9900000000000002131628207280300557613372802734375,15.3900000000000005684341886080801486968994140625,81.6099999999999994315658113919198513031005859375
119,2020-06-24T00:00:00,2507,276,1333,898,2964,91,423,2450,11.0099999999999997868371792719699442386627197265625,53.1700000000000017053025658242404460906982421875,35.82000000000000028421709430404007434844970703125,3.069999999999999840127884453977458178997039794921875,14.269999999999999573674358543939888477325439453125,82.659999999999996589394868351519107818603515625
120,2020-06-25T00:00:00,2517,281,1323,913,2964,94,394,2476,11.160000000000000142108547152020037174224853515625,52.56000000000000227373675443232059478759765625,36.27000000000000312638803734444081783294677734375,3.1699999999999999289457264239899814128875732421875,13.28999999999999914734871708787977695465087890625,83.5400000000000062527760746888816356658935546875
121,2020-06-26T00:00:00,2535,257,1321,957,2964,82,394,2488,10.1400000000000005684341886080801486968994140625,52.1099999999999994315658113919198513031005859375,37.75,2.770000000000000017763568394002504646778106689453125,13.28999999999999914734871708787977695465087890625,83.93999999999999772626324556767940521240234375
122,2020-06-27T00:00:00,2513,266,1271,976,2951,86,394,2471,10.5800000000000000710542735760100185871124267578125,50.5799999999999982946974341757595539093017578125,38.840000000000003410605131648480892181396484375,2.910000000000000142108547152020037174224853515625,13.3499999999999996447286321199499070644378662109375,83.7300000000000039790393202565610408782958984375
123,2020-06-28T00:00:00,2521,265,1239,1017,2957,85,399,2473,10.5099999999999997868371792719699442386627197265625,49.14999999999999857891452847979962825775146484375,40.340000000000003410605131648480892181396484375,2.87000000000000010658141036401502788066864013671875,13.4900000000000002131628207280300557613372802734375,83.6299999999999954525264911353588104248046875
124,2020-06-29T00:00:00,2505,272,1221,1012,2943,97,402,2444,10.8599999999999994315658113919198513031005859375,48.74000000000000198951966012828052043914794921875,40.39999999999999857891452847979962825775146484375,3.29999999999999982236431605997495353221893310546875,13.660000000000000142108547152020037174224853515625,83.0400000000000062527760746888816356658935546875
125,2020-06-30T00:00:00,2453,232,1254,967,2941,103,411,2427,9.46000000000000085265128291212022304534912109375,51.11999999999999744204615126363933086395263671875,39.4200000000000017053025658242404460906982421875,3.5,13.9700000000000006394884621840901672840118408203125,82.5199999999999960209606797434389591217041015625
126,2020-07-01T00:00:00,2456,221,1237,998,2927,89,403,2435,9,50.36999999999999744204615126363933086395263671875,40.6400000000000005684341886080801486968994140625,3.04000000000000003552713678800500929355621337890625,13.769999999999999573674358543939888477325439453125,83.18999999999999772626324556767940521240234375
127,2020-07-02T00:00:00,2453,217,1226,1010,2920,81,389,2450,8.8499999999999996447286321199499070644378662109375,49.97999999999999687361196265555918216705322265625,41.1700000000000017053025658242404460906982421875,2.770000000000000017763568394002504646778106689453125,13.32000000000000028421709430404007434844970703125,83.900000000000005684341886080801486968994140625
128,2020-07-03T00:00:00,2469,218,1246,1005,2923,87,385,2451,8.8300000000000000710542735760100185871124267578125,50.469999999999998863131622783839702606201171875,40.7000000000000028421709430404007434844970703125,2.979999999999999982236431605997495353221893310546875,13.1699999999999999289457264239899814128875732421875,83.849999999999994315658113919198513031005859375
129,2020-07-04T00:00:00,2438,228,1188,1022,2935,79,392,2464,9.3499999999999996447286321199499070644378662109375,48.72999999999999687361196265555918216705322265625,41.9200000000000017053025658242404460906982421875,2.689999999999999946709294817992486059665679931640625,13.3599999999999994315658113919198513031005859375,83.9500000000000028421709430404007434844970703125
130,2020-07-05T00:00:00,2418,229,1162,1027,2924,88,389,2447,9.4700000000000006394884621840901672840118408203125,48.06000000000000227373675443232059478759765625,42.469999999999998863131622783839702606201171875,3.0099999999999997868371792719699442386627197265625,13.300000000000000710542735760100185871124267578125,83.68999999999999772626324556767940521240234375
131,2020-07-06T00:00:00,2414,213,1201,1000,2929,76,400,2453,8.82000000000000028421709430404007434844970703125,49.75,41.42999999999999971578290569595992565155029296875,2.589999999999999857891452847979962825775146484375,13.660000000000000142108547152020037174224853515625,83.75
132,2020-07-07T00:00:00,2448,217,1271,960,2937,87,376,2474,8.8599999999999994315658113919198513031005859375,51.9200000000000017053025658242404460906982421875,39.219999999999998863131622783839702606201171875,2.95999999999999996447286321199499070644378662109375,12.800000000000000710542735760100185871124267578125,84.2399999999999948840923025272786617279052734375
133,2020-07-08T00:00:00,2362,226,1248,888,2936,89,389,2458,9.57000000000000028421709430404007434844970703125,52.840000000000003410605131648480892181396484375,37.60000000000000142108547152020037174224853515625,3.029999999999999804600747665972448885440826416015625,13.25,83.719999999999998863131622783839702606201171875
134,2020-07-09T00:00:00,2420,227,1297,896,2947,76,404,2467,9.3800000000000007815970093361102044582366943359375,53.60000000000000142108547152020037174224853515625,37.02000000000000312638803734444081783294677734375,2.5800000000000000710542735760100185871124267578125,13.71000000000000085265128291212022304534912109375,83.7099999999999937472239253111183643341064453125
135,2020-07-10T00:00:00,2389,237,1307,845,2955,72,411,2472,9.9199999999999999289457264239899814128875732421875,54.71000000000000085265128291212022304534912109375,35.36999999999999744204615126363933086395263671875,2.439999999999999946709294817992486059665679931640625,13.910000000000000142108547152020037174224853515625,83.650000000000005684341886080801486968994140625
136,2020-07-11T00:00:00,2390,237,1239,914,2917,68,402,2447,9.9199999999999999289457264239899814128875732421875,51.840000000000003410605131648480892181396484375,38.24000000000000198951966012828052043914794921875,2.3300000000000000710542735760100185871124267578125,13.7799999999999993605115378159098327159881591796875,83.8900000000000005684341886080801486968994140625
137,2020-07-12T00:00:00,2358,255,1217,886,2920,71,418,2431,10.8100000000000004973799150320701301097869873046875,51.6099999999999994315658113919198513031005859375,37.57000000000000028421709430404007434844970703125,2.430000000000000159872115546022541821002960205078125,14.32000000000000028421709430404007434844970703125,83.25
138,2020-07-13T00:00:00,2357,266,1201,890,2995,73,404,2518,11.28999999999999914734871708787977695465087890625,50.9500000000000028421709430404007434844970703125,37.75999999999999801048033987171947956085205078125,2.439999999999999946709294817992486059665679931640625,13.4900000000000002131628207280300557613372802734375,84.06999999999999317878973670303821563720703125
139,2020-07-14T00:00:00,2375,284,1248,843,2981,79,399,2503,11.96000000000000085265128291212022304534912109375,52.5499999999999971578290569595992565155029296875,35.49000000000000198951966012828052043914794921875,2.649999999999999911182158029987476766109466552734375,13.3800000000000007815970093361102044582366943359375,83.969999999999998863131622783839702606201171875
140,2020-07-15T00:00:00,2493,292,1411,790,3065,86,410,2569,11.71000000000000085265128291212022304534912109375,56.60000000000000142108547152020037174224853515625,31.690000000000001278976924368180334568023681640625,2.810000000000000053290705182007513940334320068359375,13.3800000000000007815970093361102044582366943359375,83.81999999999999317878973670303821563720703125
141,2020-07-16T00:00:00,2312,258,1259,795,2938,80,414,2444,11.160000000000000142108547152020037174224853515625,54.46000000000000085265128291212022304534912109375,34.3900000000000005684341886080801486968994140625,2.720000000000000195399252334027551114559173583984375,14.089999999999999857891452847979962825775146484375,83.18999999999999772626324556767940521240234375
142,2020-07-17T00:00:00,2356,245,1288,823,2910,84,417,2409,10.4000000000000003552713678800500929355621337890625,54.6700000000000017053025658242404460906982421875,34.92999999999999971578290569595992565155029296875,2.890000000000000124344978758017532527446746826171875,14.3300000000000000710542735760100185871124267578125,82.780000000000001136868377216160297393798828125
143,2020-07-18T00:00:00,2354,244,1265,845,2902,81,425,2396,10.3699999999999992184029906638897955417633056640625,53.74000000000000198951966012828052043914794921875,35.89999999999999857891452847979962825775146484375,2.79000000000000003552713678800500929355621337890625,14.6500000000000003552713678800500929355621337890625,82.56000000000000227373675443232059478759765625
144,2020-07-19T00:00:00,2349,248,1253,848,2887,85,417,2385,10.5600000000000004973799150320701301097869873046875,53.340000000000003410605131648480892181396484375,36.10000000000000142108547152020037174224853515625,2.939999999999999946709294817992486059665679931640625,14.4399999999999995026200849679298698902130126953125,82.6099999999999994315658113919198513031005859375
145,2020-07-20T00:00:00,2321,267,1199,855,2896,82,419,2395,11.5,51.659999999999996589394868351519107818603515625,36.840000000000003410605131648480892181396484375,2.8300000000000000710542735760100185871124267578125,14.4700000000000006394884621840901672840118408203125,82.7000000000000028421709430404007434844970703125
146,2020-07-21T00:00:00,2431,327,1214,890,2928,85,438,2405,13.449999999999999289457264239899814128875732421875,49.93999999999999772626324556767940521240234375,36.6099999999999994315658113919198513031005859375,2.899999999999999911182158029987476766109466552734375,14.96000000000000085265128291212022304534912109375,82.1400000000000005684341886080801486968994140625
147,2020-07-22T00:00:00,2431,327,1214,890,2928,85,438,2405,13.449999999999999289457264239899814128875732421875,49.93999999999999772626324556767940521240234375,36.6099999999999994315658113919198513031005859375,2.899999999999999911182158029987476766109466552734375,14.96000000000000085265128291212022304534912109375,82.1400000000000005684341886080801486968994140625
148,2020-07-23T00:00:00,2398,313,828,1257,2853,69,403,2381,13.050000000000000710542735760100185871124267578125,34.530000000000001136868377216160297393798828125,52.4200000000000017053025658242404460906982421875,2.4199999999999999289457264239899814128875732421875,14.1300000000000007815970093361102044582366943359375,83.4599999999999937472239253111183643341064453125
149,2020-07-24T00:00:00,2402,281,1085,1036,2852,63,405,2384,11.699999999999999289457264239899814128875732421875,45.1700000000000017053025658242404460906982421875,43.13000000000000255795384873636066913604736328125,2.20999999999999996447286321199499070644378662109375,14.199999999999999289457264239899814128875732421875,83.590000000000003410605131648480892181396484375
150,2020-07-25T00:00:00,2396,282,1051,1063,2852,62,410,2380,11.769999999999999573674358543939888477325439453125,43.8599999999999994315658113919198513031005859375,44.36999999999999744204615126363933086395263671875,2.1699999999999999289457264239899814128875732421875,14.3800000000000007815970093361102044582366943359375,83.4500000000000028421709430404007434844970703125
151,2020-07-26T00:00:00,2401,291,998,1112,2852,66,400,2386,12.1199999999999992184029906638897955417633056640625,41.57000000000000028421709430404007434844970703125,46.31000000000000227373675443232059478759765625,2.310000000000000053290705182007513940334320068359375,14.0299999999999993605115378159098327159881591796875,83.659999999999996589394868351519107818603515625
152,2020-07-27T00:00:00,2424,304,1040,1080,2856,69,402,2385,12.53999999999999914734871708787977695465087890625,42.89999999999999857891452847979962825775146484375,44.5499999999999971578290569595992565155029296875,2.4199999999999999289457264239899814128875732421875,14.0800000000000000710542735760100185871124267578125,83.5100000000000051159076974727213382720947265625
153,2020-07-28T00:00:00,2438,279,1109,1050,2861,69,367,2425,11.4399999999999995026200849679298698902130126953125,45.49000000000000198951966012828052043914794921875,43.07000000000000028421709430404007434844970703125,2.410000000000000142108547152020037174224853515625,12.8300000000000000710542735760100185871124267578125,84.7600000000000051159076974727213382720947265625
154,2020-07-29T00:00:00,2438,301,1117,1020,2862,69,391,2402,12.3499999999999996447286321199499070644378662109375,45.82000000000000028421709430404007434844970703125,41.840000000000003410605131648480892181396484375,2.410000000000000142108547152020037174224853515625,13.660000000000000142108547152020037174224853515625,83.93000000000000682121026329696178436279296875
155,2020-07-30T00:00:00,2394,280,1100,1014,2874,81,377,2416,11.699999999999999289457264239899814128875732421875,45.9500000000000028421709430404007434844970703125,42.3599999999999994315658113919198513031005859375,2.819999999999999840127884453977458178997039794921875,13.1199999999999992184029906638897955417633056640625,84.06000000000000227373675443232059478759765625
156,2020-07-31T00:00:00,2189,322,1092,775,2877,81,373,2423,14.71000000000000085265128291212022304534912109375,49.8900000000000005684341886080801486968994140625,35.39999999999999857891452847979962825775146484375,2.819999999999999840127884453977458178997039794921875,12.96000000000000085265128291212022304534912109375,84.219999999999998863131622783839702606201171875
157,2020-08-01T00:00:00,2180,322,1046,812,2863,77,361,2425,14.769999999999999573674358543939888477325439453125,47.97999999999999687361196265555918216705322265625,37.25,2.689999999999999946709294817992486059665679931640625,12.6099999999999994315658113919198513031005859375,84.7000000000000028421709430404007434844970703125
158,2020-08-02T00:00:00,2174,310,1012,852,2863,81,356,2426,14.2599999999999997868371792719699442386627197265625,46.5499999999999971578290569595992565155029296875,39.18999999999999772626324556767940521240234375,2.8300000000000000710542735760100185871124267578125,12.42999999999999971578290569595992565155029296875,84.7399999999999948840923025272786617279052734375
159,2020-08-03T00:00:00,2167,375,985,807,2912,83,419,2410,17.309999999999998721023075631819665431976318359375,45.4500000000000028421709430404007434844970703125,37.24000000000000198951966012828052043914794921875,2.850000000000000088817841970012523233890533447265625,14.3900000000000005684341886080801486968994140625,82.7600000000000051159076974727213382720947265625
160,2020-08-04T00:00:00,2192,308,1176,708,2910,93,437,2380,14.050000000000000710542735760100185871124267578125,53.64999999999999857891452847979962825775146484375,32.2999999999999971578290569595992565155029296875,3.20000000000000017763568394002504646778106689453125,15.019999999999999573674358543939888477325439453125,81.7900000000000062527760746888816356658935546875
161,2020-08-05T00:00:00,2205,301,1185,719,2912,82,451,2379,13.6500000000000003552713678800500929355621337890625,53.74000000000000198951966012828052043914794921875,32.6099999999999994315658113919198513031005859375,2.819999999999999840127884453977458178997039794921875,15.4900000000000002131628207280300557613372802734375,81.7000000000000028421709430404007434844970703125
162,2020-08-06T00:00:00,2275,295,1235,745,2912,76,479,2357,12.9700000000000006394884621840901672840118408203125,54.28999999999999914734871708787977695465087890625,32.75,2.609999999999999875655021241982467472553253173828125,16.449999999999999289457264239899814128875732421875,80.93999999999999772626324556767940521240234375
163,2020-08-07T00:00:00,2279,284,1224,771,2910,85,470,2355,12.46000000000000085265128291212022304534912109375,53.71000000000000085265128291212022304534912109375,33.8299999999999982946974341757595539093017578125,2.9199999999999999289457264239899814128875732421875,16.14999999999999857891452847979962825775146484375,80.93000000000000682121026329696178436279296875
164,2020-08-08T00:00:00,2264,289,1140,835,2896,78,427,2391,12.769999999999999573674358543939888477325439453125,50.35000000000000142108547152020037174224853515625,36.88000000000000255795384873636066913604736328125,2.689999999999999946709294817992486059665679931640625,14.7400000000000002131628207280300557613372802734375,82.56000000000000227373675443232059478759765625
165,2020-08-09T00:00:00,2265,305,1085,875,2896,81,425,2390,13.4700000000000006394884621840901672840118408203125,47.89999999999999857891452847979962825775146484375,38.63000000000000255795384873636066913604736328125,2.79999999999999982236431605997495353221893310546875,14.67999999999999971578290569595992565155029296875,82.530000000000001136868377216160297393798828125
166,2020-08-10T00:00:00,2240,327,1093,820,2896,87,439,2370,14.5999999999999996447286321199499070644378662109375,48.78999999999999914734871708787977695465087890625,36.6099999999999994315658113919198513031005859375,3,15.160000000000000142108547152020037174224853515625,81.840000000000003410605131648480892181396484375
167,2020-08-11T00:00:00,2267,294,1199,774,2896,84,448,2364,12.9700000000000006394884621840901672840118408203125,52.8900000000000005684341886080801486968994140625,34.1400000000000005684341886080801486968994140625,2.899999999999999911182158029987476766109466552734375,15.4700000000000006394884621840901672840118408203125,81.6299999999999954525264911353588104248046875
168,2020-08-12T00:00:00,2270,290,1231,749,2896,86,492,2318,12.7799999999999993605115378159098327159881591796875,54.22999999999999687361196265555918216705322265625,33,2.970000000000000195399252334027551114559173583984375,16.989999999999998436805981327779591083526611328125,80.0400000000000062527760746888816356658935546875
169,2020-08-13T00:00:00,2263,291,1229,743,2896,80,502,2314,12.8599999999999994315658113919198513031005859375,54.31000000000000227373675443232059478759765625,32.8299999999999982946974341757595539093017578125,2.7599999999999997868371792719699442386627197265625,17.3299999999999982946974341757595539093017578125,79.900000000000005684341886080801486968994140625
170,2020-08-14T00:00:00,2296,267,1221,808,2896,88,471,2337,11.6300000000000007815970093361102044582366943359375,53.17999999999999971578290569595992565155029296875,35.18999999999999772626324556767940521240234375,3.04000000000000003552713678800500929355621337890625,16.260000000000001563194018672220408916473388671875,80.7000000000000028421709430404007434844970703125
171,2020-08-15T00:00:00,2280,265,1211,804,2896,92,432,2372,11.6199999999999992184029906638897955417633056640625,53.1099999999999994315658113919198513031005859375,35.25999999999999801048033987171947956085205078125,3.180000000000000159872115546022541821002960205078125,14.9199999999999999289457264239899814128875732421875,81.909999999999996589394868351519107818603515625
172,2020-08-16T00:00:00,2290,262,1199,829,2896,95,437,2364,11.4399999999999995026200849679298698902130126953125,52.3599999999999994315658113919198513031005859375,36.2000000000000028421709430404007434844970703125,3.279999999999999804600747665972448885440826416015625,15.089999999999999857891452847979962825775146484375,81.6299999999999954525264911353588104248046875
173,2020-08-17T00:00:00,2303,251,1165,887,2896,94,437,2365,10.9000000000000003552713678800500929355621337890625,50.590000000000003410605131648480892181396484375,38.50999999999999801048033987171947956085205078125,3.25,15.089999999999999857891452847979962825775146484375,81.659999999999996589394868351519107818603515625
174,2020-08-18T00:00:00,2314,249,1260,805,2896,88,452,2356,10.7599999999999997868371792719699442386627197265625,54.4500000000000028421709430404007434844970703125,34.78999999999999914734871708787977695465087890625,3.04000000000000003552713678800500929355621337890625,15.6099999999999994315658113919198513031005859375,81.349999999999994315658113919198513031005859375
175,2020-08-19T00:00:00,2306,257,1261,788,2896,78,471,2347,11.1400000000000005684341886080801486968994140625,54.67999999999999971578290569595992565155029296875,34.1700000000000017053025658242404460906982421875,2.689999999999999946709294817992486059665679931640625,16.260000000000001563194018672220408916473388671875,81.0400000000000062527760746888816356658935546875
176,2020-08-20T00:00:00,2307,252,1208,847,2896,81,437,2378,10.9199999999999999289457264239899814128875732421875,52.3599999999999994315658113919198513031005859375,36.71000000000000085265128291212022304534912109375,2.79999999999999982236431605997495353221893310546875,15.089999999999999857891452847979962825775146484375,82.1099999999999994315658113919198513031005859375
177,2020-08-21T00:00:00,2334,235,1221,878,2896,76,413,2407,10.07000000000000028421709430404007434844970703125,52.31000000000000227373675443232059478759765625,37.61999999999999744204615126363933086395263671875,2.62000000000000010658141036401502788066864013671875,14.2599999999999997868371792719699442386627197265625,83.1099999999999994315658113919198513031005859375
178,2020-08-22T00:00:00,2314,252,1108,954,2896,70,425,2401,10.8900000000000005684341886080801486968994140625,47.88000000000000255795384873636066913604736328125,41.22999999999999687361196265555918216705322265625,2.4199999999999999289457264239899814128875732421875,14.67999999999999971578290569595992565155029296875,82.909999999999996589394868351519107818603515625
179,2020-08-23T00:00:00,2312,248,1049,1015,2896,75,397,2424,10.730000000000000426325641456060111522674560546875,45.36999999999999744204615126363933086395263671875,43.89999999999999857891452847979962825775146484375,2.589999999999999857891452847979962825775146484375,13.71000000000000085265128291212022304534912109375,83.7000000000000028421709430404007434844970703125
180,2020-08-24T00:00:00,2313,276,1069,968,2896,77,402,2417,11.92999999999999971578290569595992565155029296875,46.219999999999998863131622783839702606201171875,41.85000000000000142108547152020037174224853515625,2.660000000000000142108547152020037174224853515625,13.8800000000000007815970093361102044582366943359375,83.4599999999999937472239253111183643341064453125
181,2020-08-25T00:00:00,2329,283,1190,856,2896,75,410,2411,12.1500000000000003552713678800500929355621337890625,51.090000000000003410605131648480892181396484375,36.75,2.589999999999999857891452847979962825775146484375,14.160000000000000142108547152020037174224853515625,83.25
182,2020-08-26T00:00:00,2344,279,1226,839,2896,71,410,2415,11.9000000000000003552713678800500929355621337890625,52.2999999999999971578290569595992565155029296875,35.78999999999999914734871708787977695465087890625,2.45000000000000017763568394002504646778106689453125,14.160000000000000142108547152020037174224853515625,83.3900000000000005684341886080801486968994140625
183,2020-08-27T00:00:00,2352,281,1189,882,2896,67,401,2428,11.949999999999999289457264239899814128875732421875,50.5499999999999971578290569595992565155029296875,37.5,2.310000000000000053290705182007513940334320068359375,13.8499999999999996447286321199499070644378662109375,83.840000000000003410605131648480892181396484375
184,2020-08-28T00:00:00,2344,278,1222,844,2896,72,415,2409,11.8599999999999994315658113919198513031005859375,52.13000000000000255795384873636066913604736328125,36.00999999999999801048033987171947956085205078125,2.4900000000000002131628207280300557613372802734375,14.3300000000000000710542735760100185871124267578125,83.18000000000000682121026329696178436279296875
185,2020-08-29T00:00:00,2341,267,1157,917,2896,79,400,2417,11.410000000000000142108547152020037174224853515625,49.4200000000000017053025658242404460906982421875,39.1700000000000017053025658242404460906982421875,2.729999999999999982236431605997495353221893310546875,13.8100000000000004973799150320701301097869873046875,83.4599999999999937472239253111183643341064453125
186,2020-08-30T00:00:00,2344,222,1155,967,2896,79,410,2407,9.4700000000000006394884621840901672840118408203125,49.27000000000000312638803734444081783294677734375,41.25,2.729999999999999982236431605997495353221893310546875,14.160000000000000142108547152020037174224853515625,83.1099999999999994315658113919198513031005859375
187,2020-08-31T00:00:00,2359,239,1123,997,2896,74,402,2420,10.1300000000000007815970093361102044582366943359375,47.60000000000000142108547152020037174224853515625,42.25999999999999801048033987171947956085205078125,2.560000000000000053290705182007513940334320068359375,13.8800000000000007815970093361102044582366943359375,83.56000000000000227373675443232059478759765625
188,2020-09-01T00:00:00,2348,247,1162,939,2896,69,446,2381,10.519999999999999573674358543939888477325439453125,49.49000000000000198951966012828052043914794921875,39.99000000000000198951966012828052043914794921875,2.37999999999999989341858963598497211933135986328125,15.4000000000000003552713678800500929355621337890625,82.219999999999998863131622783839702606201171875
189,2020-09-02T00:00:00,2340,257,1170,913,2896,79,432,2385,10.980000000000000426325641456060111522674560546875,50,39.02000000000000312638803734444081783294677734375,2.729999999999999982236431605997495353221893310546875,14.9199999999999999289457264239899814128875732421875,82.349999999999994315658113919198513031005859375
190,2020-09-03T00:00:00,2341,262,1153,926,2896,78,435,2383,11.1899999999999995026200849679298698902130126953125,49.25,39.56000000000000227373675443232059478759765625,2.689999999999999946709294817992486059665679931640625,15.019999999999999573674358543939888477325439453125,82.2900000000000062527760746888816356658935546875
191,2020-09-04T00:00:00,2342,249,1174,919,2896,77,445,2374,10.6300000000000007815970093361102044582366943359375,50.13000000000000255795384873636066913604736328125,39.24000000000000198951966012828052043914794921875,2.660000000000000142108547152020037174224853515625,15.3699999999999992184029906638897955417633056640625,81.9800000000000039790393202565610408782958984375
192,2020-09-05T00:00:00,2336,232,1151,953,2896,70,467,2359,9.92999999999999971578290569595992565155029296875,49.27000000000000312638803734444081783294677734375,40.7999999999999971578290569595992565155029296875,2.4199999999999999289457264239899814128875732421875,16.129999999999999005240169935859739780426025390625,81.4599999999999937472239253111183643341064453125
193,2020-09-06T00:00:00,2329,236,1110,983,2896,63,460,2373,10.1300000000000007815970093361102044582366943359375,47.659999999999996589394868351519107818603515625,42.21000000000000085265128291212022304534912109375,2.180000000000000159872115546022541821002960205078125,15.8800000000000007815970093361102044582366943359375,81.93999999999999772626324556767940521240234375
194,2020-09-07T00:00:00,2330,246,1072,1012,2896,65,447,2384,10.5600000000000004973799150320701301097869873046875,46.00999999999999801048033987171947956085205078125,43.42999999999999971578290569595992565155029296875,2.2400000000000002131628207280300557613372802734375,15.4399999999999995026200849679298698902130126953125,82.31999999999999317878973670303821563720703125
195,2020-09-08T00:00:00,2328,229,1091,1008,2896,70,454,2372,9.839999999999999857891452847979962825775146484375,46.8599999999999994315658113919198513031005859375,43.2999999999999971578290569595992565155029296875,2.4199999999999999289457264239899814128875732421875,15.67999999999999971578290569595992565155029296875,81.909999999999996589394868351519107818603515625
196,2020-09-09T00:00:00,2311,239,1155,917,2896,68,473,2355,10.339999999999999857891452847979962825775146484375,49.97999999999999687361196265555918216705322265625,39.67999999999999971578290569595992565155029296875,2.350000000000000088817841970012523233890533447265625,16.3299999999999982946974341757595539093017578125,81.31999999999999317878973670303821563720703125
197,2020-09-10T00:00:00,2307,225,1220,862,2896,68,475,2353,9.75,52.88000000000000255795384873636066913604736328125,37.3599999999999994315658113919198513031005859375,2.350000000000000088817841970012523233890533447265625,16.39999999999999857891452847979962825775146484375,81.25
198,2020-09-11T00:00:00,2301,234,1185,882,2896,70,485,2341,10.1699999999999999289457264239899814128875732421875,51.5,38.3299999999999982946974341757595539093017578125,2.4199999999999999289457264239899814128875732421875,16.75,80.840000000000003410605131648480892181396484375
199,2020-09-12T00:00:00,2282,219,1168,895,2896,72,491,2333,9.5999999999999996447286321199499070644378662109375,51.17999999999999971578290569595992565155029296875,39.219999999999998863131622783839702606201171875,2.4900000000000002131628207280300557613372802734375,16.949999999999999289457264239899814128875732421875,80.56000000000000227373675443232059478759765625
200,2020-09-13T00:00:00,2284,230,1104,950,2896,74,481,2341,10.07000000000000028421709430404007434844970703125,48.340000000000003410605131648480892181396484375,41.590000000000003410605131648480892181396484375,2.560000000000000053290705182007513940334320068359375,16.6099999999999994315658113919198513031005859375,80.840000000000003410605131648480892181396484375
201,2020-09-14T00:00:00,2282,230,1109,943,2896,68,471,2357,10.0800000000000000710542735760100185871124267578125,48.60000000000000142108547152020037174224853515625,41.32000000000000028421709430404007434844970703125,2.350000000000000088817841970012523233890533447265625,16.260000000000001563194018672220408916473388671875,81.3900000000000005684341886080801486968994140625
202,2020-09-15T00:00:00,2287,237,1159,891,2896,68,474,2354,10.3599999999999994315658113919198513031005859375,50.67999999999999971578290569595992565155029296875,38.96000000000000085265128291212022304534912109375,2.350000000000000088817841970012523233890533447265625,16.370000000000000994759830064140260219573974609375,81.280000000000001136868377216160297393798828125
203,2020-09-16T00:00:00,2315,241,1182,892,2896,72,475,2349,10.410000000000000142108547152020037174224853515625,51.06000000000000227373675443232059478759765625,38.530000000000001136868377216160297393798828125,2.4900000000000002131628207280300557613372802734375,16.39999999999999857891452847979962825775146484375,81.1099999999999994315658113919198513031005859375
204,2020-09-17T00:00:00,2300,235,1194,871,2896,76,480,2340,10.2200000000000006394884621840901672840118408203125,51.909999999999996589394868351519107818603515625,37.86999999999999744204615126363933086395263671875,2.62000000000000010658141036401502788066864013671875,16.57000000000000028421709430404007434844970703125,80.7999999999999971578290569595992565155029296875
205,2020-09-18T00:00:00,2299,239,1165,895,2896,74,450,2372,10.4000000000000003552713678800500929355621337890625,50.6700000000000017053025658242404460906982421875,38.92999999999999971578290569595992565155029296875,2.560000000000000053290705182007513940334320068359375,15.53999999999999914734871708787977695465087890625,81.909999999999996589394868351519107818603515625
206,2020-09-19T00:00:00,2300,218,1099,983,2896,72,455,2369,9.480000000000000426325641456060111522674560546875,47.780000000000001136868377216160297393798828125,42.74000000000000198951966012828052043914794921875,2.4900000000000002131628207280300557613372802734375,15.71000000000000085265128291212022304534912109375,81.7999999999999971578290569595992565155029296875
207,2020-09-20T00:00:00,2300,228,1062,1010,2896,72,438,2386,9.910000000000000142108547152020037174224853515625,46.1700000000000017053025658242404460906982421875,43.909999999999996589394868351519107818603515625,2.4900000000000002131628207280300557613372802734375,15.1199999999999992184029906638897955417633056640625,82.3900000000000005684341886080801486968994140625
208,2020-09-21T00:00:00,2312,254,1009,1049,2896,79,431,2386,10.9900000000000002131628207280300557613372802734375,43.6400000000000005684341886080801486968994140625,45.36999999999999744204615126363933086395263671875,2.729999999999999982236431605997495353221893310546875,14.8800000000000007815970093361102044582366943359375,82.3900000000000005684341886080801486968994140625
209,2020-09-22T00:00:00,2308,272,1094,942,2896,78,460,2358,11.78999999999999914734871708787977695465087890625,47.39999999999999857891452847979962825775146484375,40.81000000000000227373675443232059478759765625,2.689999999999999946709294817992486059665679931640625,15.8800000000000007815970093361102044582366943359375,81.4200000000000017053025658242404460906982421875
210,2020-09-23T00:00:00,2314,261,1142,911,2896,83,461,2352,11.2799999999999993605115378159098327159881591796875,49.35000000000000142108547152020037174224853515625,39.36999999999999744204615126363933086395263671875,2.87000000000000010658141036401502788066864013671875,15.9199999999999999289457264239899814128875732421875,81.219999999999998863131622783839702606201171875
211,2020-09-24T00:00:00,2331,258,1181,892,2896,83,469,2344,11.07000000000000028421709430404007434844970703125,50.659999999999996589394868351519107818603515625,38.27000000000000312638803734444081783294677734375,2.87000000000000010658141036401502788066864013671875,16.190000000000001278976924368180334568023681640625,80.93999999999999772626324556767940521240234375
212,2020-09-25T00:00:00,2311,259,1160,892,2896,92,452,2352,11.21000000000000085265128291212022304534912109375,50.18999999999999772626324556767940521240234375,38.60000000000000142108547152020037174224853515625,3.180000000000000159872115546022541821002960205078125,15.6099999999999994315658113919198513031005859375,81.219999999999998863131622783839702606201171875
213,2020-09-26T00:00:00,2301,282,1115,904,2896,92,461,2343,12.2599999999999997868371792719699442386627197265625,48.46000000000000085265128291212022304534912109375,39.28999999999999914734871708787977695465087890625,3.180000000000000159872115546022541821002960205078125,15.9199999999999999289457264239899814128875732421875,80.900000000000005684341886080801486968994140625
214,2020-09-27T00:00:00,2301,299,1072,930,2896,93,425,2378,12.9900000000000002131628207280300557613372802734375,46.590000000000003410605131648480892181396484375,40.4200000000000017053025658242404460906982421875,3.20999999999999996447286321199499070644378662109375,14.67999999999999971578290569595992565155029296875,82.1099999999999994315658113919198513031005859375
215,2020-09-28T00:00:00,2307,288,1074,945,2896,94,430,2372,12.480000000000000426325641456060111522674560546875,46.5499999999999971578290569595992565155029296875,40.96000000000000085265128291212022304534912109375,3.25,14.8499999999999996447286321199499070644378662109375,81.909999999999996589394868351519107818603515625
216,2020-09-29T00:00:00,2222,265,1144,813,2896,96,478,2322,11.92999999999999971578290569595992565155029296875,51.49000000000000198951966012828052043914794921875,36.590000000000003410605131648480892181396484375,3.310000000000000053290705182007513940334320068359375,16.510000000000001563194018672220408916473388671875,80.18000000000000682121026329696178436279296875
217,2020-09-30T00:00:00,2233,265,1118,850,2896,102,481,2313,11.8699999999999992184029906638897955417633056640625,50.07000000000000028421709430404007434844970703125,38.07000000000000028421709430404007434844970703125,3.520000000000000017763568394002504646778106689453125,16.6099999999999994315658113919198513031005859375,79.8700000000000045474735088646411895751953125
218,2020-10-01T00:00:00,2234,292,1195,747,2896,102,480,2314,13.07000000000000028421709430404007434844970703125,53.49000000000000198951966012828052043914794921875,33.43999999999999772626324556767940521240234375,3.520000000000000017763568394002504646778106689453125,16.57000000000000028421709430404007434844970703125,79.900000000000005684341886080801486968994140625
219,2020-10-02T00:00:00,2238,281,1187,770,2896,104,449,2343,12.5600000000000004973799150320701301097869873046875,53.03999999999999914734871708787977695465087890625,34.409999999999996589394868351519107818603515625,3.589999999999999857891452847979962825775146484375,15.5,80.900000000000005684341886080801486968994140625
220,2020-10-03T00:00:00,2233,279,1156,798,2896,102,462,2332,12.4900000000000002131628207280300557613372802734375,51.77000000000000312638803734444081783294677734375,35.74000000000000198951966012828052043914794921875,3.520000000000000017763568394002504646778106689453125,15.949999999999999289457264239899814128875732421875,80.5199999999999960209606797434389591217041015625
221,2020-10-04T00:00:00,2239,308,1115,816,2896,103,469,2324,13.7599999999999997868371792719699442386627197265625,49.7999999999999971578290569595992565155029296875,36.43999999999999772626324556767940521240234375,3.560000000000000053290705182007513940334320068359375,16.190000000000001278976924368180334568023681640625,80.25
222,2020-10-05T00:00:00,2244,333,1094,817,2890,103,458,2329,14.839999999999999857891452847979962825775146484375,48.75,36.409999999999996589394868351519107818603515625,3.560000000000000053290705182007513940334320068359375,15.8499999999999996447286321199499070644378662109375,80.590000000000003410605131648480892181396484375
223,2020-10-06T00:00:00,2242,333,1160,749,2890,101,485,2304,14.8499999999999996447286321199499070644378662109375,51.74000000000000198951966012828052043914794921875,33.409999999999996589394868351519107818603515625,3.4900000000000002131628207280300557613372802734375,16.780000000000001136868377216160297393798828125,79.719999999999998863131622783839702606201171875
224,2020-10-07T00:00:00,2240,342,1169,729,2890,107,489,2294,15.269999999999999573674358543939888477325439453125,52.18999999999999772626324556767940521240234375,32.53999999999999914734871708787977695465087890625,3.70000000000000017763568394002504646778106689453125,16.9200000000000017053025658242404460906982421875,79.3799999999999954525264911353588104248046875
225,2020-10-08T00:00:00,2219,357,1189,673,2890,116,497,2277,16.089999999999999857891452847979962825775146484375,53.5799999999999982946974341757595539093017578125,30.3299999999999982946974341757595539093017578125,4.0099999999999997868371792719699442386627197265625,17.199999999999999289457264239899814128875732421875,78.7900000000000062527760746888816356658935546875
226,2020-10-09T00:00:00,2232,339,1172,721,2890,115,510,2265,15.1899999999999995026200849679298698902130126953125,52.50999999999999801048033987171947956085205078125,32.2999999999999971578290569595992565155029296875,3.979999999999999982236431605997495353221893310546875,17.64999999999999857891452847979962825775146484375,78.3700000000000045474735088646411895751953125
227,2020-10-10T00:00:00,2243,349,1122,772,2890,119,508,2263,15.5600000000000004973799150320701301097869873046875,50.02000000000000312638803734444081783294677734375,34.4200000000000017053025658242404460906982421875,4.12000000000000010658141036401502788066864013671875,17.5799999999999982946974341757595539093017578125,78.2999999999999971578290569595992565155029296875
228,2020-10-11T00:00:00,2215,346,1081,788,2890,122,495,2273,15.6199999999999992184029906638897955417633056640625,48.7999999999999971578290569595992565155029296875,35.5799999999999982946974341757595539093017578125,4.21999999999999975131004248396493494510650634765625,17.129999999999999005240169935859739780426025390625,78.650000000000005684341886080801486968994140625
229,2020-10-12T00:00:00,2221,382,1068,771,2890,132,492,2266,17.199999999999999289457264239899814128875732421875,48.090000000000003410605131648480892181396484375,34.71000000000000085265128291212022304534912109375,4.57000000000000028421709430404007434844970703125,17.019999999999999573674358543939888477325439453125,78.409999999999996589394868351519107818603515625
